-- Seed data migrated from db.sql (idempotent-ish).
-- NOTE: Avoid DROP/CREATE DATABASE here.

-- Continents (IDs not used by enums; set explicitly for stable FK in nations)
INSERT INTO continent (id, nom) VALUES
  (1, "Afrique"),
  (2, "Amérique du Nord"),
  (3, "Amérique du Sud"),
  (4, "Europe"),
  (5, "Asie"),
  (6, "Océanie");

-- Nations (base courante; ISO codes added in later migration)
INSERT INTO nation (id, nom, id_continent, iso_alpha_2) VALUES 
  (1, "Afghanistan", 5, "AF"),
  (2, "Afrique du Sud", 1, "ZA"),
  (3, "Albanie", 4, "AL"),
  (4, "Algérie", 1, "DZ"),
  (5, "Allemagne", 4, "DE"),
  (6, "Andorre", 4, "AD"),
  (8, "Angola", 1, "AO"),
  (9, "Antigua-et-Barbuda", 2, "AG"),
  (10, "Arabie Saoudite", 5, "SA"),
  (11, "Arménie", 4, "AM"),
  (12, "Australie", 6, "AU"),
  (13, "Autriche", 4, "AT"),
  (14, "Azerbaïdjan", 4, "AZ"),
  (15, "Bahamas", 2, "BS"),
  (16, "Bahreïn", 5, "BH"),
  (17, "Bangladesh", 5, "BD"),
  (18, "Barbade", 2, "BB"),
  (19, "Belgique", 4, "BE"),
  (20, "Belize", 2, "BZ"),
  (21, "Bénin", 1, "BJ"),
  (22, "Bhoutan", 5, "BT"),
  (23, "Biélorussie", 4, "BY"),
  (24, "Birmanie", 5, "MM"),
  (25, "Bolivie", 3, "BO"),
  (26, "Bosnie-Herzégovine", 4, "BA"),
  (27, "Botswana", 1, "BW"),
  (28, "Brésil", 3, "BR"),
  (29, "Brunei", 5, "BN"),
  (30, "Bulgarie", 4, "BG"),
  (31, "Burkina Faso", 1, "BF"),
  (32, "Burundi", 1, "BI"),
  (33, "Cambodge", 5, "KH"),
  (34, "Cameroun", 1, "CM"),
  (35, "Canada", 2, "CA"),
  (36, "Cap-Vert", 1, "CV"),
  (37, "Chili", 3, "CL"),
  (38, "Chine", 5, "CN"),
  (39, "Chypre", 4, "CY"),
  # (40, "Chypre du Nord", 5), -- No ISO Code completely recognised. No iso ..ect
  (41, "Colombie", 3, "CO"),
  (42, "Comores", 1, "KM"),
  (43, "Congo", 1, "CG"),
  (44, "Corée du Nord", 5, "KP"),
  (45, "Corée du Sud", 5, "KR"),
  (46, "Costa Rica", 2, "CR"),
  (47, "Côte d''Ivoire", 1, "CI"),
  (48, "Croatie", 4, "HR"),
  (49, "Cuba", 2, "CU"),
  (50, "Danemark", 4, "DK"),
  (51, "Djibouti", 1, "DJ"),
  (52, "Dominique", 2, "DM"),
  (53, "Égypte", 1, "EG"),
  (54, "El Salvador", 2, "SV"),
  (55, "Émirats Arabes Unis", 5, "AE"),
  (56, "Équateur", 3, "EC"),
  (57, "Érythrée", 1, "ER"),
  (58, "Espagne", 4, "ES"),
  (59, "Estonie", 4, "EE"),
  (60, "Eswatini", 1, "SZ"),
  (61, "États-Unis", 2, "US"),
  (62, "Éthiopie", 1, "ET"),
  (63, "Fidji", 6, "FJ"),
  (64, "Finlande", 4, "FI"),
  (65, "France", 4, "FR"),
  (66, "Gabon", 1, "GA"),
  (67, "Gambie", 1, "GM"),
  (68, "Géorgie", 4, "GE"),
  (69, "Géorgie du Sud-Ossétie", 5, "GS"), -- Corrected to South Georgia code (GS)
  (70, "Ghana", 1, "GH"),
  (71, "Gibraltar", 4, "GI"),
  (72, "Grèce", 4, "GR"),
  (73, "Grenade", 2, "GD"),
  (74, "Groenland", 4, "GL"),
  (75, "Guadeloupe", 2, "GP"),
  (76, "Guam", 6, "GU"),
  (77, "Guatemala", 2, "GT"),
  (78, "Guernesey", 4, "GG"),
  (79, "Guinée", 1, "GN"),
  (80, "Guinée équatoriale", 1, "GQ"),
  (81, "Guinée-Bissau", 1, "GW"),
  (82, "Guyana", 3, "GY"),
  (83, "Guyane française", 3, "GF"),
  (84, "Haïti", 2, "HT"),
  (85, "Honduras", 2, "HN"),
  (86, "Hong Kong", 5, "HK"),
  (87, "Hongrie", 4, "HU"),
  (88, "Île Bouvet", 4, "BV"),
  (89, "Île Christmas", 6, "CX"),
  (90, "Île Norfolk", 6, "NF"),
  (91, "Îles Åland", 4, "AX"),
  (92, "Îles Féroé", 4, "FO"),
  (93, "Îles Heard et MacDonald", 6, "HM"),
  (94, "Îles Mariannes du Nord", 6, "MP"),
  (95, "Îles Pitcairn", 6, "PN"),
  (96, "Inde", 5, "IN"),
  (97, "Indonésie", 5, "ID"),
  (98, "Irak", 5, "IQ"),
  (99, "Iran", 5, "IR"),
  (100, "Irlande", 4, "IE"),
  (101, "Islande", 4, "IS"),
  (102, "Israël", 5, "IL"),
  (103, "Italie", 4, "IT"),
  (104, "Jamaïque", 2, "JM"),
  (105, "Japon", 5, "JP"),
  (106, "Jersey", 4, "JE"),
  (107, "Jordanie", 5, "JO"),
  (108, "Kazakhstan", 5, "KZ"),
  (109, "Kenya", 1, "KE"),
  (110, "Kirghizistan", 5, "KG"),
  (111, "Kiribati", 6, "KI"),
  (112, "Kosovo", 4, "XK"),
  (113, "Koweït", 5, "KW"),
  (114, "Laos", 5, "LA"),
  (115, "Lesotho", 1, "LS"),
  (116, "Lettonie", 4, "LV"),
  (117, "Liban", 5, "LB"),
  (118, "Liberia", 1, "LR"),
  (119, "Libye", 1, "LY"),
  (120, "Liechtenstein", 4, "LI"),
  (121, "Lituanie", 4, "LT"),
  (122, "Luxembourg", 4, "LU"),
  (123, "Macao", 5, "MO"),
  (124, "Macédoine du Nord", 4, "MK"),
  (125, "Madagascar", 1, "MG"),
  (126, "Malaisie", 5, "MY"),
  (127, "Malawi", 1, "MW"),
  (128, "Maldives", 5, "MV"),
  (129, "Mali", 1, "ML"),
  (130, "Malte", 4, "MT"),
  (131, "Maroc", 1, "MA"),
  (132, "Martinique", 2, "MQ"),
  (133, "Maurice", 1, "MU"),
  (134, "Mauritanie", 1, "MR"),
  (135, "Mayotte", 1, "YT"),
  (136, "Mexique", 2, "MX"),
  (137, "Micronésie", 6, "FM"),
  (138, "Moldavie", 4, "MD"),
  (139, "Mongolie", 5, "MN"),
  (140, "Monténégro", 4, "ME"),
  (141, "Montserrat", 2, "MS"),
  (142, "Mozambique", 1, "MZ"),
  (143, "Namibie", 1, "NA"),
  (144, "Nauru", 6, "NR"),
  (145, "Népal", 5, "NP"),
  (146, "Nicaragua", 2, "NI"),
  (147, "Niger", 1, "NE"),
  (148, "Nigeria", 1, "NG"),
  (149, "Niue", 6, "NU"),
  (150, "Norvège", 4, "NO"),
  (151, "Nouvelle-Calédonie", 6, "NC"),
  (152, "Nouvelle-Zélande", 6, "NZ"),
  (153, "Oman", 5, "OM"),
  (154, "Ouganda", 1, "UG"),
  (155, "Ouzbékistan", 5, "UZ"),
  (156, "Palaos", 6, "PW"),
  (157, "Palestine", 5, "PS"),
  (158, "Panama", 2, "PA"),
  (159, "Papouasie-Nouvelle-Guinée", 6, "PG"),
  (160, "Pakistan", 5, "PK"),
  (161, "Paraguay", 3, "PY"),
  (162, "Pays-Bas", 4, "NL"),
  (163, "Pérou", 3, "PE"),
  (164, "Philippines", 5, "PH"),
  (165, "Pologne", 4, "PL"),
  (166, "Polynésie française", 6, "PF"),
  (167, "Porto Rico", 2, "PR"),
  (168, "Portugal", 4, "PT"),
  (169, "Qatar", 5, "QA"),
  (170, "République Centrafricaine", 1, "CF"),
  (171, "R.D. Congo", 1, "CD"),
  (172, "République Dominicaine", 2, "DO"),
  (173, "République Tchèque", 4, "CZ"),
  (174, "Réunion", 1, "RE"),
  (175, "Roumanie", 4, "RO"),
  (176, "Royaume-Uni", 4, "GB"),
  (177, "Russie", 4, "RU"),
  (178, "Rwanda", 1, "RW"),
  (179, "Sahara occidental", 1, "EH"),
  (180, "Saint-Barthélemy", 2, "BL"),
  (181, "Sainte-Hélène", 1, "SH"),
  (182, "Sainte-Lucie", 2, "LC"),
  (183, "Saint-Marin", 2, "SM"),
  (184, "Saint-Martin", 2, "MF"),
  (185, "Saint-Pierre-et-Miquelon", 2, "PM"),
  (186, "Saint-Vincent-et-les-Grenadines", 2, "VC"),
  (187, "Saint-Christophe-et-Niévès", 2, "KN"),
  (188, "Samoa", 6, "WS"),
  (189, "Samoa américaines", 6, "AS"),
  (190, "Sao Tomé-et-Principe", 1, "ST"),
  (191, "Sénégal", 1, "SN"),
  (192, "Serbie", 4, "RS"),
  (193, "Seychelles", 1, "SC"),
  (194, "Sierra Leone", 1, "SL"),
  (195, "Singapour", 5, "SG"),
  (196, "Sint Maarten", 2, "SX"),
  (197, "Slovaquie", 4, "SK"),
  (198, "Slovénie", 4, "SI"),
  (199, "Somalie", 1, "SO"),
  (200, "Soudan", 1, "SD"),
  (201, "Soudan du Sud", 1, "SS"),
  (202, "Sri Lanka", 5, "LK"),
  (203, "Suède", 4, "SE"),
  (204, "Suisse", 4, "CH"),
  (205, "Suriname", 3, "SR"),
  (206, "Svalbard et Jan Mayen", 4, "SJ"),
  (207, "Syrie", 5, "SY"),
  (208, "Tadjikistan", 5, "TJ"),
  (209, "Taïwan", 5, "TW"),
  (210, "Tanzanie", 1, "TZ"),
  (211, "Tchad", 1, "TD"),
  (212, "Terres australes françaises", 6, "TF"),
  (213, "Territoire britannique de l''océan Indien", 6, "IO"),
  (214, "Thaïlande", 5, "TH"),
  (215, "Timor oriental", 5, "TL"),
  (216, "Togo", 1, "TG"),
  (217, "Tokelau", 6, "TK"),
  (218, "Tonga", 6, "TO"),
  (219, "Trinité-et-Tobago", 2, "TT"),
  (220, "Tunisie", 1, "TN"),
  (221, "Turkménistan", 5, "TM"),
  (222, "Turquie", 4, "TR"),
  (223, "Tuvalu", 6, "TV"),
  (224, "Ukraine", 4, "UA"),
  (225, "Uruguay", 3, "UY"),
  (226, "Vanuatu", 6, "VU"),
  (227, "Vénézuela", 3, "VE"),
  (228, "Viêt Nam", 5, "VN"),
  (229, "Wallis-et-Futuna", 6, "WF"),
  (230, "Yémen", 5, "YE"),
  (231, "Zambie", 1, "ZM"),
  (232, "Zimbabwe", 1, "ZW");

-- Structure types (IDs fixed to match StructureTypeEnum)
INSERT INTO structure_type (id, nom) VALUES
  (1, "Direction Ecclésiastique"),
  (2, "Mouvement"),
  (3, "Association"),
  (4, "Service");

-- Bureau structure (ensure at least one exists)
INSERT INTO structure (id, nom, code, description, id_structure_type) VALUES 
  (
    1,
    "Bureau Ecclésiastique",
    "BUREAU_ECCLESIASTIQUE",
    "Organe chargé de l’administration des fidèles à un échelon géographique donné (paroissial, provincial, national, etc.)",
    1
  ),
  (
    2,
    "FLUKI",
    "FLUKI",
    "Flutistes Kimbaguistes",
    2
  ),
  (
    3,
    "Groupe Théâtral Kimbanguiste",
    "GTKI",
    "Groupe Théâtral Kimbanguiste",
    2
  ),
  (
    4,
    "Flutistes Kimbaguistes",
    "FLUKI",
    "Flutistes Kimbaguistes",
    2
  ),
  (
    5,
    "Dirigeants",
    "DIRIGEANTS",
    "Chorale des dirigeants",
    2
  ),
  (
    6,
    "Chorale des enfants kimbaguistes",
    "CHOREKI",
    "Chorale des enfants kimbaguistes",
    2
  ),
  (
    7,
    "Groupe des guitaristes kimbanguistes",
    "GGKI",
    "Groupe des guitaristes kimbanguistes",
    2
  ),
  (
    8,
    "Association des Femmes Kimbaguistes",
    "AFKI",
    "Association regroupant les femmes dans l'Église Kimbanguiste",
    3
  ),
  (
    9,
    "Union de la Jeunesse Kimbanguiste",
    "UJKI",
    "Union de la Jeunesse Kimbanguiste regroupant les jeunes dans l'Église Kimbanguiste",
    3
  );

-- Fidele types (IDs fixed to match FideleTypeEnum)
INSERT INTO fidele_type (id, nom) VALUES
  (1, "Pratiquant"),
  (2, "Sympathisant");

-- Grades (IDs fixed to match GradeEnum)
INSERT INTO grade (id, nom) VALUES
  (1, "Sans Grade"),
  (2, "Nkengi"),
  (3, "Longi"),
  (4, "Sielo"),
  (5, "Pasteur");

-- Professions (common values; first one must be Eleve/Etudiant)
INSERT INTO profession (id, nom, description) VALUES
  (1, "Eleve/Etudiant", "En formation scolaire ou universitaire"),
  (2, "Fonctionnaire", "Agent de l''administration publique"),
  (3, "Enseignant", "Profession de l''enseignement"),
  (4, "Commerçant", "Activité commerciale indépendante ou structurée"),
  (5, "Entrepreneur", "Créateur ou gestionnaire d''entreprise"),
  (6, "Artisan", "Métier manuel qualifié"),
  (7, "Agriculteur", "Activité agricole et/ou élevage"),
  (8, "Avocat", "Profession juridique"),
  (9, "Médecin", "Profession médicale"),
  (10, "Infirmier", "Profession des soins infirmiers"),
  (11, "Pharmacien", "Profession de pharmacie"),
  (12, "Ingénieur", "Profession de l''ingénierie"),
  (13, "Informaticien", "Profession des systèmes informatiques et numériques"),
  (14, "Comptable", "Gestion comptable et financière"),
  (15, "Banquier", "Secteur bancaire et services financiers"),
  (16, "Journaliste", "Profession des médias et de l''information"),
  (17, "Chauffeur", "Transport de personnes ou de marchandises"),
  (18, "Mécanicien", "Maintenance et réparation mécanique"),
  (19, "Électricien", "Installation et maintenance électrique"),
  (20, "Maçon", "Travaux de construction"),
  (21, "Menuisier", "Travaux de menuiserie"),
  (22, "Couturier", "Confection et couture"),
  (23, "Coiffeur", "Soins capillaires et coiffure"),
  (24, "Militaire", "Forces armées"),
  (25, "Policier", "Forces de l''ordre et sécurité publique"),
  (26, "Retraité", "Ancien professionnel en retraite"),
  (27, "Sans emploi", "Actuellement sans activité professionnelle"),
  (28, "Autre", "Profession non presente sur la liste.");

-- Niveaux d'études (base courante)
INSERT INTO niveau_etudes (id, nom, description) VALUES
  (1, "Aucun", "Sans niveau scolaire formel"),
  (2, "Primaire", "Niveau d''enseignement primaire"),
  (3, "Secondaire", "Niveau d''enseignement secondaire"),
  (4, "Technique/Professionnel", "Formation technique ou professionnelle"),
  (5, "Universitaire", "Niveau licence/master/doctorat");

-- États civils de base
INSERT INTO etat_civile (id, nom, description) VALUES
  (1, "Célibataire", "Personne non mariée"),
  (2, "Marié", "Personne mariée"),
  (3, "Divorcé", "Personne divorcée"),
  (4, "Veuf", "Conjoint décédé");

-- Fonctions (idempotent even if nom isn't UNIQUE)
DELETE from fonction_list where true;

INSERT INTO fonction_list (id, nom, id_document_type) VALUES 
  (1, "Responsable | Président", null),
  (2, "1er Vice Responsable | 1er Vice Président", 2),
  (3, "2ème Vice Responsable | 2ème Vice Président", 2),
  (4, "Évangéliste", null),
  (5, "Secrétaire", null),
  (6, "Secrétaire adjoint", null),
  (7, "Trésorier", null),
  (8, "Conseiller", null),
  (9, "Chef de cellule", null),
  (10, "Dirigeant technique", 2),
  (11, "Chef de partition", 2),
  (12, "Chef de partition adjoint", 2);

-- Document types (IDs fixed to match DocumentTypeEnum)
INSERT INTO document_type (id, nom, document_key, code, id_document_type_superieur) VALUES
  (1, "FIDELE", "FIDELE", "FDL", 2),
  (2, "STRUCTURE", "STRUCTURE", "STR", 3),
  (3, "PAROISSE", "PAROISSE", "PRS", 4),
  (4, "VILLE", "VILLE", "VLL", 5),
  (5, "PROVINCE", "PROVINCE", "PRV", 6),
  (6, "NATION", "NATION", "NTN", 7),
  (7, "CONTINENT", "CONTINENT", "CTN", 8),
  (8, "GENERALE", "GENERALE", "GNR", NULL);

-- Document statuts
INSERT INTO document_statut (id, nom, description, id_document_type) VALUES
  (1, "En attente", "Document en attente de traitement/validation", NULL),
  (2, "Validé", "Document validé", NULL),
  (2, "Completé", "Document Completé", NULL);

-- Recensement étapes (IDs fixed to match RecensementEtapeEnum)
INSERT INTO recensement_etape (id, nom, description) VALUES
  (1,  "Informations de base", "Identité, grade, type et accès"),
  (2,  "Famille",              "État civil, conjoint et enfants"),
  (3,  "Occupation",           "Niveau d'études et profession"),
  (4,  "Contact",              "Téléphone et adresse e-mail"),
  (5,  "Adresse",              "Lieu de résidence actuel"),
  (6,  "Origines",             "Lieu d'origine géographique"),
  (7,  "Baptême",              "Informations liées au baptême"),
  (8,  "Paroisses",            "Paroisses fréquentées"),
  (9,  "Structures",           "Mouvement, service et associations d'appartenance"),
  (10, "Photo de profil",      "Photo d'identité du fidèle");
